{
  "mlp": {
    "epochs": 30,
    "best_valid_acc": 0.9716,
    "test_acc": 0.9754,
    "per_class_recall": [
      0.9887755102040816,
      0.9876651982378855,
      0.9728682170542635,
      0.9851485148514851,
      0.9796334012219959,
      0.968609865470852,
      0.9801670146137788,
      0.9688715953307393,
      0.9661190965092402,
      0.9544103072348861
    ],
    "per_class_f1": [
      0.9832572298325724,
      0.9876651982378855,
      0.9723970944309928,
      0.9740577581987274,
      0.9771457592686644,
      0.9768230638778971,
      0.9765990639625586,
      0.9717073170731707,
      0.9671120246659815,
      0.9658976930792378
    ],
    "ece": 0.010757144380024097,
    "top_confusions": [
      [
        9,
        4,
        15
      ],
      [
        7,
        2,
        14
      ],
      [
        9,
        3,
        10
      ],
      [
        2,
        8,
        9
      ],
      [
        4,
        9,
        9
      ]
    ],
    "params": 477010,
    "total_time_sec": 145.73123908042908
  },
  "cnn": {
    "epochs": 20,
    "best_valid_acc": 0.9869,
    "test_acc": 0.9878,
    "per_class_recall": [
      0.9948979591836735,
      0.9938325991189427,
      0.9864341085271318,
      0.9891089108910891,
      0.9959266802443992,
      0.9831838565022422,
      0.9843423799582464,
      0.9883268482490273,
      0.9866529774127311,
      0.9742319127849356
    ],
    "per_class_f1": [
      0.9913573970513473,
      0.9929577464788732,
      0.9869122636936499,
      0.9881305637982195,
      0.9913836796756208,
      0.9876126126126126,
      0.9874345549738219,
      0.9849733397964131,
      0.9831202046035805,
      0.9834917458729364
    ],
    "ece": 0.002562692988210611,
    "top_confusions": [
      [
        9,
        4,
        9
      ],
      [
        9,
        7,
        7
      ],
      [
        5,
        3,
        6
      ],
      [
        2,
        7,
        5
      ],
      [
        3,
        8,
        5
      ]
    ],
    "params": 52138,
    "total_time_sec": 3528.4298901557922
  },
  "gradient_check": {
    "note": "See codes/gradient_check.py output for analytical-vs-finite gradient comparisons."
  }
}